<?xml version="1.0" encoding="UTF-8" standalone="yes"?>
<manifest>
  <control namespace="NamespacePlaceholder" constructor="sleekMuiSidebar" version="0.1.98" display-name-key="sleekMuiSidebar" description-key="sleekMuiSidebar description" control-type="virtual" api-version="1.3.16">
    <external-service-usage enabled="false"/>
    <data-set name="navItems" display-name-key="Navigation"/>
    <property name="primaryColor" display-name-key="primaryColor" of-type="SingleLine.Text" usage="input" pfx-default-value="varAppPrimaryColor"/>
    <property name="activeScreen" display-name-key="activeScreen" of-type="SingleLine.Text" usage="input" pfx-default-value="App.ActiveScreen.Name"/>
    <property name="useDarkMode" display-name-key="useDarkMode" of-type="TwoOptions" usage="input" pfx-default-value="varUseDarkMode"/>
    <property name="useTestData" display-name-key="useTestData" of-type="TwoOptions" usage="input" default-value="true"/>
    <property name="containerHeight" display-name-key="containerHeight" of-type="Decimal" usage="input" pfx-default-value="Self.Height"/>
    <property name="containerWidth" display-name-key="containerWidth" of-type="Decimal" usage="input" pfx-default-value="Self.Width"/>
    <property name="outputPrimaryColor" display-name-key="outputPrimaryColor" of-type="SingleLine.Text" usage="output"/>
    <property name="outputScreenName" display-name-key="outputScreenName" of-type="SingleLine.Text" usage="output"/>
    <property name="outputUseDarkMode" display-name-key="outputUseDarkMode" of-type="TwoOptions" usage="output" default-value="true"/>
    <event name="onChangePrimaryColor" pfx-default-value="Set(varAppPrimaryColor, Self.outputPrimaryColor)" display-name-key="onChangePrimaryColor" description-key="onChangePrimaryColor"/>
    <event name="onChangeColorMode" pfx-default-value="Set(varUseDarkMode, Self.outputUseDarkMode)" display-name-key="onChangeColorMode" description-key="onChangeColorMode"/>
    <event name="onChangeScreen" pfx-default-value="" display-name-key="onChangeScreen" description-key="onChangeScreen"/>
    <resources>
      <code path="bundle.js" order="1"/>
      <css path="styling/index.css" order="1"/>
      <platform-library name="React" version="16.14.0"/>
      <platform-library name="Fluent" version="9.46.2"/>
    </resources>
    <feature-usage/>
    <built-by name="pac" version="1.43.6"/>
  </control>
</manifest>