<?xml version="1.0" encoding="UTF-8" standalone="yes"?>
<manifest>
  <control namespace="NamespacePlaceholder" constructor="themedMuiDatepicker" version="0.0.21" display-name-key="themedMuiDatepicker" description-key="themedMuiDatepicker description" control-type="virtual" api-version="1.3.16">
    <external-service-usage enabled="false"/>
    <property name="labelText" display-name-key="labelText" of-type="SingleLine.Text" usage="input" default-value="Date"/>
    <property name="DefaultDate" display-name-key="DefaultDate" of-type="SingleLine.Text" usage="input"/>
    <property name="isRequired" display-name-key="isRequired" of-type="TwoOptions" usage="input" default-value="true"/>
    <property name="selectedDate" display-name-key="selectedDate" of-type="DateAndTime.DateOnly" usage="output"/>
    <property name="useDarkMode" display-name-key="useDarkMode" of-type="TwoOptions" usage="input" pfx-default-value="varUseDarkMode"/>
    <property name="primaryColor" display-name-key="primaryColor" of-type="SingleLine.Text" usage="input" pfx-default-value="varAppPrimaryColor"/>
    <property name="containerWidth" display-name-key="containerWidth" of-type="Whole.None" usage="input" pfx-default-value="Self.Width"/>
    <property name="containerHeight" display-name-key="containerHeight" of-type="Whole.None" usage="input" pfx-default-value="Self.Height"/>
    <resources>
      <code path="bundle.js" order="1"/>
      <platform-library name="React" version="16.14.0"/>
      <platform-library name="Fluent" version="9.46.2"/>
    </resources>
    <feature-usage/>
    <built-by name="pac" version="1.42.1"/>
  </control>
</manifest>