<?xml version="1.0" encoding="UTF-8" standalone="yes"?>
<manifest>
  <control namespace="NamespacePlaceholder" constructor="TransferList" version="0.0.39" display-name-key="TransferList" description-key="TransferList description" control-type="virtual" api-version="1.3.16">
    <external-service-usage enabled="false"/>
    <data-set name="initialChoices" display-name-key="initialChoices"/>
    <property name="displayField" display-name-key="displayField" of-type="SingleLine.Text" usage="input" default-value="label"/>
    <property name="primaryColor" display-name-key="primaryColor" of-type="SingleLine.Text" usage="input" pfx-default-value="varAppPrimaryColor"/>
    <property name="leftBucketName" display-name-key="leftBucketName" of-type="SingleLine.Text" usage="input" default-value="Options"/>
    <property name="rightBucketName" display-name-key="rightBucketName" of-type="SingleLine.Text" usage="input" default-value="Selected options"/>
    <property name="containerWidth" display-name-key="containerWidth" of-type="Decimal" usage="input" pfx-default-value="Self.Width"/>
    <property name="containerHeight" display-name-key="containerHeight" of-type="Decimal" usage="input" pfx-default-value="Self.Height"/>
    <property name="useDarkMode" display-name-key="useDarkMode" of-type="TwoOptions" usage="input" pfx-default-value="varUseDarkMode"/>
    <event name="onMoveItems" pfx-default-value="" display-name-key="onMoveItems" description-key="onMoveItems"/>
    <resources>
      <code path="bundle.js" order="1"/>
      <platform-library name="React" version="16.14.0"/>
      <platform-library name="Fluent" version="9.46.2"/>
    </resources>
    <feature-usage/>
    <built-by name="pac" version="1.40.4"/>
  </control>
</manifest>