<?xml version="1.0" encoding="UTF-8" standalone="yes"?>
<manifest>
  <control namespace="NamespacePlaceholder" constructor="DarkLightToggle" version="0.2.10" display-name-key="DarkLightToggle" description-key="DarkLightToggle description" control-type="virtual" api-version="1.3.15">
    <external-service-usage enabled="false"/>
    <property name="useDarkMode" display-name-key="useDarkMode" of-type="TwoOptions" usage="input" hidden="false" default-value="true"/>
    <property name="darkModeEnabled" display-name-key="darkModeEnabled" of-type="TwoOptions" usage="output" hidden="false" default-value="true"/>
    <event name="OnChangeMode" pfx-default-value="Set(varDarkMode, Self.darkModeEnabled)" display-name-key="OnChangeMode" description-key="OnChangeMode"/>
    <resources>
      <code path="bundle.js" order="1"/>
      <platform-library name="React" version="16.14.0"/>
      <platform-library name="Fluent" version="9.46.2"/>
    </resources>
    <feature-usage/>
    <built-by name="pac" version="1.38.3"/>
  </control>
</manifest>