<?xml version="1.0" encoding="UTF-8" standalone="yes"?>
<manifest>
  <control namespace="NamespacePlaceholder" constructor="DatePicker" version="0.6.14" display-name-key="DatePicker" description-key="DatePicker        description" control-type="virtual" api-version="1.3.15">
    <external-service-usage enabled="false"/>
    <property name="useDarkMode" display-name-key="useDarkMode" of-type="TwoOptions" usage="input" hidden="false" pfx-default-value="varUseDarkMode"/>
    <property name="isDisabled" display-name-key="isDisabled" of-type="TwoOptions" usage="input" hidden="false" default-value="false"/>
    <property name="isRequired" display-name-key="isRequired" of-type="TwoOptions" usage="input" default-value="true"/>
    <property name="labelText" display-name-key="labelText" description-key="labelText" of-type="SingleLine.Text" usage="input"/>
    <property name="outputDate" display-name-key="outputDate" of-type="SingleLine.Text" usage="output" hidden="false" default-value=""/>
    <property name="defaultDate" display-name-key="defaultDate" of-type="SingleLine.Text" usage="input" hidden="false" required="false"/>
    <property name="fontColor" display-name-key="fontColor" of-type="SingleLine.Text" usage="input" hidden="false" default-value=""/>
    <property name="backgroundColor" display-name-key="backgroundColor" of-type="SingleLine.Text" usage="input" default-value=""/>
    <property name="borderColor" display-name-key="borderColor" of-type="SingleLine.Text" usage="input" default-value="white"/>
    <property name="borderStyle" display-name-key="borderStyle" of-type="SingleLine.Text" usage="input" default-value="solid"/>
    <property name="borderWidth" display-name-key="borderWidth" of-type="Whole.None" usage="input" default-value="1"/>
    <property name="componentWidth" display-name-key="componentWidth" of-type="Whole.None" usage="input" default-value=""/>
    <property name="componentHeight" display-name-key="componentHeight" of-type="Whole.None" usage="input" default-value=""/>
    <resources>
      <code path="bundle.js" order="1"/>
      <platform-library name="React" version="16.14.0"/>
      <platform-library name="Fluent" version="9.46.2"/>
    </resources>
    <feature-usage/>
    <built-by name="pac" version="1.39.3"/>
  </control>
</manifest>