﻿<?xml version="1.0" encoding="utf-8"?>
<ImportExportXml xmlns:xsi="http://www.w3.org/2001/XMLSchema-instance">
  <Entities />
  <Roles />
  <Workflows />
  <FieldSecurityProfiles />
  <Templates />
  <EntityMaps />
  <EntityRelationships />
  <OrganizationSettings />
  <optionsets />
  <CustomControls>
    <CustomControl>
      <Name>hm_HuntersNS.squashedButtonGroup</Name>
      <FileName>/Controls/hm_HuntersNS.squashedButtonGroup/ControlManifest.xml</FileName>
    </CustomControl>
    <CustomControl>
      <Name>hm_NamespacePlaceholder.Accordion</Name>
      <FileName>/Controls/hm_NamespacePlaceholder.Accordion/ControlManifest.xml</FileName>
    </CustomControl>
    <CustomControl>
      <Name>hm_NamespacePlaceholder.bodyText</Name>
      <FileName>/Controls/hm_NamespacePlaceholder.bodyText/ControlManifest.xml</FileName>
    </CustomControl>
    <CustomControl>
      <Name>hm_NamespacePlaceholder.ChipComponent</Name>
      <FileName>/Controls/hm_NamespacePlaceholder.ChipComponent/ControlManifest.xml</FileName>
    </CustomControl>
    <CustomControl>
      <Name>hm_NamespacePlaceholder.ComboBoxMUI</Name>
      <FileName>/Controls/hm_NamespacePlaceholder.ComboBoxMUI/ControlManifest.xml</FileName>
    </CustomControl>
    <CustomControl>
      <Name>hm_NamespacePlaceholder.DarkLightToggle</Name>
      <FileName>/Controls/hm_NamespacePlaceholder.DarkLightToggle/ControlManifest.xml</FileName>
    </CustomControl>
    <CustomControl>
      <Name>hm_NamespacePlaceholder.DataTable</Name>
      <FileName>/Controls/hm_NamespacePlaceholder.DataTable/ControlManifest.xml</FileName>
    </CustomControl>
    <CustomControl>
      <Name>hm_NamespacePlaceholder.DatePicker</Name>
      <FileName>/Controls/hm_NamespacePlaceholder.DatePicker/ControlManifest.xml</FileName>
    </CustomControl>
    <CustomControl>
      <Name>hm_NamespacePlaceholder.h1Text</Name>
      <FileName>/Controls/hm_NamespacePlaceholder.h1Text/ControlManifest.xml</FileName>
    </CustomControl>
    <CustomControl>
      <Name>hm_NamespacePlaceholder.h2Text</Name>
      <FileName>/Controls/hm_NamespacePlaceholder.h2Text/ControlManifest.xml</FileName>
    </CustomControl>
    <CustomControl>
      <Name>hm_NamespacePlaceholder.h3Text</Name>
      <FileName>/Controls/hm_NamespacePlaceholder.h3Text/ControlManifest.xml</FileName>
    </CustomControl>
    <CustomControl>
      <Name>hm_NamespacePlaceholder.Header</Name>
      <FileName>/Controls/hm_NamespacePlaceholder.Header/ControlManifest.xml</FileName>
    </CustomControl>
    <CustomControl>
      <Name>hm_NamespacePlaceholder.Loader</Name>
      <FileName>/Controls/hm_NamespacePlaceholder.Loader/ControlManifest.xml</FileName>
    </CustomControl>
    <CustomControl>
      <Name>hm_NamespacePlaceholder.Modal</Name>
      <FileName>/Controls/hm_NamespacePlaceholder.Modal/ControlManifest.xml</FileName>
    </CustomControl>
    <CustomControl>
      <Name>hm_NamespacePlaceholder.ShadCnAreaChart</Name>
      <FileName>/Controls/hm_NamespacePlaceholder.ShadCnAreaChart/ControlManifest.xml</FileName>
    </CustomControl>
    <CustomControl>
      <Name>hm_NamespacePlaceholder.ShadCnBreadcrumb</Name>
      <FileName>/Controls/hm_NamespacePlaceholder.ShadCnBreadcrumb/ControlManifest.xml</FileName>
    </CustomControl>
    <CustomControl>
      <Name>hm_NamespacePlaceholder.ShadCnCalendar</Name>
      <FileName>/Controls/hm_NamespacePlaceholder.ShadCnCalendar/ControlManifest.xml</FileName>
    </CustomControl>
    <CustomControl>
      <Name>hm_NamespacePlaceholder.ShadCnNavigationMenu</Name>
      <FileName>/Controls/hm_NamespacePlaceholder.ShadCnNavigationMenu/ControlManifest.xml</FileName>
    </CustomControl>
    <CustomControl>
      <Name>hm_NamespacePlaceholder.Sidebar2</Name>
      <FileName>/Controls/hm_NamespacePlaceholder.Sidebar2/ControlManifest.xml</FileName>
    </CustomControl>
    <CustomControl>
      <Name>hm_NamespacePlaceholder.sleekMuiSidebar</Name>
      <FileName>/Controls/hm_NamespacePlaceholder.sleekMuiSidebar/ControlManifest.xml</FileName>
    </CustomControl>
    <CustomControl>
      <Name>hm_NamespacePlaceholder.smallText</Name>
      <FileName>/Controls/hm_NamespacePlaceholder.smallText/ControlManifest.xml</FileName>
    </CustomControl>
    <CustomControl>
      <Name>hm_NamespacePlaceholder.Stepper</Name>
      <FileName>/Controls/hm_NamespacePlaceholder.Stepper/ControlManifest.xml</FileName>
    </CustomControl>
    <CustomControl>
      <Name>hm_NamespacePlaceholder.StepperHeader</Name>
      <FileName>/Controls/hm_NamespacePlaceholder.StepperHeader/ControlManifest.xml</FileName>
    </CustomControl>
    <CustomControl>
      <Name>hm_NamespacePlaceholder.TabList</Name>
      <FileName>/Controls/hm_NamespacePlaceholder.TabList/ControlManifest.xml</FileName>
    </CustomControl>
    <CustomControl>
      <Name>hm_NamespacePlaceholder.themedMuiButton</Name>
      <FileName>/Controls/hm_NamespacePlaceholder.themedMuiButton/ControlManifest.xml</FileName>
    </CustomControl>
    <CustomControl>
      <Name>hm_NamespacePlaceholder.themedMuiComboBox</Name>
      <FileName>/Controls/hm_NamespacePlaceholder.themedMuiComboBox/ControlManifest.xml</FileName>
    </CustomControl>
    <CustomControl>
      <Name>hm_NamespacePlaceholder.themedMuiDatepicker</Name>
      <FileName>/Controls/hm_NamespacePlaceholder.themedMuiDatepicker/ControlManifest.xml</FileName>
    </CustomControl>
    <CustomControl>
      <Name>hm_NamespacePlaceholder.themedMuiRadioGroup</Name>
      <FileName>/Controls/hm_NamespacePlaceholder.themedMuiRadioGroup/ControlManifest.xml</FileName>
    </CustomControl>
    <CustomControl>
      <Name>hm_NamespacePlaceholder.themedMuiTextField</Name>
      <FileName>/Controls/hm_NamespacePlaceholder.themedMuiTextField/ControlManifest.xml</FileName>
    </CustomControl>
    <CustomControl>
      <Name>hm_NamespacePlaceholder.TrackerBars</Name>
      <FileName>/Controls/hm_NamespacePlaceholder.TrackerBars/ControlManifest.xml</FileName>
    </CustomControl>
    <CustomControl>
      <Name>hm_NamespacePlaceholder.TransferList</Name>
      <FileName>/Controls/hm_NamespacePlaceholder.TransferList/ControlManifest.xml</FileName>
    </CustomControl>
    <CustomControl>
      <Name>hm_NamespacePlaceholder.Tree</Name>
      <FileName>/Controls/hm_NamespacePlaceholder.Tree/ControlManifest.xml</FileName>
    </CustomControl>
  </CustomControls>
  <SolutionPluginAssemblies />
  <EntityDataProviders />
  <Languages>
    <Language>1033</Language>
  </Languages>
</ImportExportXml>