<?xml version="1.0" encoding="UTF-8" standalone="yes"?>
<manifest>
  <control namespace="NamespacePlaceholder" constructor="ShadCnBreadcrumb" version="0.0.9" display-name-key="ShadCnBreadcrumb" description-key="ShadCnBreadcrumb description" control-type="virtual" api-version="1.3.18">
    <external-service-usage enabled="false"/>
    <data-set name="navItems" display-name-key="navItems"/>
    <property name="useDarkMode" display-name-key="useDarkMode" of-type="TwoOptions" usage="input" pfx-default-value="varAppUseDarkMode"/>
    <property name="themeColor" display-name-key="themeColor" of-type="SingleLine.Text" usage="input" pfx-default-value="varAppPrimaryColor"/>
    <property name="outputSelectedOption" display-name-key="outputSelectedOption" of-type="SingleLine.Text" usage="output" default-value=""/>
    <event name="onNavSelect" display-name-key="onNavSelect" description-key="onNavSelect"/>
    <resources>
      <code path="bundle.js" order="1"/>
      <platform-library name="React" version="16.14.0"/>
      <css path="output.css" order="1"/>
    </resources>
    <feature-usage/>
    <built-by name="pac" version="1.50.1"/>
  </control>
</manifest>