<?xml version="1.0" encoding="UTF-8" standalone="yes"?>
<manifest>
  <control namespace="NamespacePlaceholder" constructor="TabList" version="0.0.16" display-name-key="TabList" description-key="TabList description" control-type="virtual" api-version="1.3.18">
    <external-service-usage enabled="false"/>
    <data-set name="tabData" display-name-key="tabData"/>
    <property name="primaryColor" display-name-key="primaryColor" of-type="SingleLine.Text" usage="input" hidden="false" pfx-default-value="varAppPrimaryColor"/>
    <property name="useDarkMode" display-name-key="useDarkMode" of-type="TwoOptions" usage="input" hidden="false" pfx-default-value="varUseDarkMode"/>
    <property name="useTestData" display-name-key="useTestData" of-type="TwoOptions" usage="input"/>
    <resources>
      <code path="bundle.js" order="1"/>
      <platform-library name="React" version="16.14.0"/>
    </resources>
    <feature-usage/>
    <built-by name="pac" version="1.45.2"/>
  </control>
</manifest>