<?xml version="1.0" encoding="UTF-8" standalone="yes"?>
<manifest>
  <control namespace="NamespacePlaceholder" constructor="TrackerBars" version="0.0.44" display-name-key="TrackerBars" description-key="TrackerBars description" control-type="virtual" api-version="1.3.18">
    <external-service-usage enabled="false"/>
    <data-set name="trackerData" display-name-key="trackerData"/>
    <property name="useTestData" display-name-key="useTestData" of-type="TwoOptions" usage="input" default-value="true"/>
    <property name="useDarkMode" display-name-key="useDarkMode" of-type="TwoOptions" usage="input" pfx-default-value="varUseDarkMode"/>
    <property name="containerHeight" display-name-key="containerHeight" of-type="Whole.None" usage="bound" pfx-default-value="Self.Height"/>
    <property name="containerWidth" display-name-key="containerWidth" of-type="Whole.None" usage="input" pfx-default-value="Self.Width"/>
    <resources>
      <code path="bundle.js" order="1"/>
      <css path="output.css"/>
      <platform-library name="React" version="16.14.0"/>
      <platform-library name="Fluent" version="9.46.2"/>
    </resources>
    <feature-usage/>
    <built-by name="pac" version="1.45.2"/>
  </control>
</manifest>