<?xml version="1.0" encoding="UTF-8" standalone="yes"?>
<manifest>
  <control namespace="NamespacePlaceholder" constructor="Stepper" version="0.0.64" display-name-key="Stepper" control-type="virtual" api-version="1.3.16">
    <external-service-usage enabled="false"/>
    <property name="stepCount" display-name-key="stepCount" of-type="Whole.None" usage="input" default-value="3"/>
    <property name="isSubmittable" display-name-key="isSubmittable" of-type="TwoOptions" usage="input" default-value="true"/>
    <property name="variantType" display-name-key="variantType" of-type="SingleLine.Text" usage="input" default-value="text"/>
    <property name="showBorder" display-name-key="showBorder" of-type="TwoOptions" usage="input" default-value="true"/>
    <property name="useTestHarness" display-name-key="useTestHarness" of-type="TwoOptions" usage="input" default-value="true"/>
    <property name="useDarkMode" display-name-key="useDarkMode" of-type="TwoOptions" usage="input" pfx-default-value="varUseDarkMode"/>
    <property name="primaryColor" display-name-key="primaryColor" of-type="SingleLine.Text" usage="input" pfx-default-value="varAppPrimaryColor"/>
    <property name="containerWidth" display-name-key="containerWidth" of-type="Whole.None" usage="input" pfx-default-value="Self.Width"/>
    <property name="containerHeight" display-name-key="containerHeight" of-type="Whole.None" usage="input" pfx-default-value="Self.Height"/>
    <property name="outputCurrentStepIndex" display-name-key="currentStepIndex" of-type="Whole.None" usage="output" default-value="0"/>
    <event name="OnSubmit" pfx-default-value="Notify(&quot;No submit event&quot;, NotificationType.Error, 2000)" display-name-key="OnSubmit" description-key="OnSubmit"/>
    <resources>
      <code path="bundle.js" order="1"/>
      <platform-library name="React" version="16.14.0"/>
      <platform-library name="Fluent" version="9.46.2"/>
      <css path="output.css" order="1"/>
    </resources>
    <feature-usage/>
    <built-by name="pac" version="1.39.3"/>
  </control>
</manifest>