<?xml version="1.0" encoding="UTF-8" standalone="yes"?>
<manifest>
  <control namespace="NamespacePlaceholder" constructor="DataTable" version="0.22.40" display-name-key="DataTable" description-key="DataTable description" control-type="virtual" api-version="1.3.18">
    <external-service-usage enabled="false"/>
    <data-set name="tableData" display-name-key="tableData"/>
    <data-set name="columnWidthTable" display-name-key="columnWidthTable"/>
    <data-set name="columnOverrides" display-name-key="columnOverrides">
      <property-set name="formatType" display-name-key="formatType" description-key="formatType" of-type="SingleLine.Text" usage="bound" required="true"/>
    </data-set>
    <data-set name="columnVisibility" display-name-key="columnVisibility"/>
    <property name="ReadMeLink" display-name-key="ReadMeLink" of-type="SingleLine.Text" usage="input" default-value=""/>
    <property name="useDarkMode" display-name-key="useDarkMode" of-type="TwoOptions" usage="input" hidden="false" pfx-default-value="varUseDarkMode"/>
    <property name="showToolbar" display-name-key="showToolbar" of-type="TwoOptions" usage="input" pfx-default-value="true"/>
    <property name="useTheming" display-name-key="useTheming" of-type="TwoOptions" usage="input" default-value="true"/>
    <property name="useTestData" display-name-key="useTestData" of-type="TwoOptions" usage="input" hidden="false" default-value="true"/>
    <property name="primaryColor" display-name-key="primaryColor" of-type="SingleLine.Text" usage="input" hidden="false" pfx-default-value="varAppPrimaryColor"/>
    <property name="showCheckboxes" display-name-key="showCheckboxes" of-type="TwoOptions" usage="input" hidden="false" default-value="true"/>
    <property name="hideFooter" display-name-key="hideFooter" of-type="TwoOptions" usage="input" hidden="false" default-value="false"/>
    <property name="allowSelectMultiple" display-name-key="allowSelectMultiple" of-type="TwoOptions" usage="input" hidden="false" default-value="true"/>
    <property name="useServerSide" display-name-key="useServerSide" of-type="TwoOptions" usage="input" default-value="false"/>
    <property name="noRowsText" display-name-key="noRowsText" of-type="SingleLine.Text" usage="input" default-value="No results found"/>
    <property name="showQuickFilter" display-name-key="showQuickFilter" of-type="TwoOptions" usage="input" pfx-default-value="true"/>
    <property name="paginationLimit" display-name-key="paginationLimit" of-type="Whole.None" usage="input" default-value="10000"/>
    <property name="changeType" display-name-key="changeType" of-type="SingleLine.Text" usage="output" hidden="false"/>
    <property name="outputValue" display-name-key="outputValue" of-type="SingleLine.Text" usage="output" hidden="false"/>
    <property name="outputObject" display-name-key="outputObject" of-type="Object" usage="output" hidden="false"/>
    <property name="outputObjectSchema" display-name-key="outputObjectSchema" of-type="SingleLine.Text" usage="bound" hidden="false"/>
    <event name="onOptionSelected" display-name-key="onOptionSelected" description-key="onOptionSelected" pfx-default-value="Notify(&quot;No option selected formula&quot;, NotificationType.Error, 2000)"/>
    <property-dependencies>
      <property-dependency input="outputObjectSchema" output="outputObject" required-for="schema"/>
    </property-dependencies>
    <resources>
      <code path="bundle.js" order="1"/>
      <css path="index.css" order="1"/>
      <css path="output.css" order="1"/>
      <platform-library name="React" version="16.14.0"/>
    </resources>
    <feature-usage/>
    <built-by name="pac" version="1.46.1"/>
    <subscribed-functionalities>
      <subscribed-functionality name="sharedTemplate" value="false"/>
    </subscribed-functionalities>
  </control>
</manifest>