<?xml version="1.0" encoding="UTF-8" standalone="yes"?>
<manifest>
  <control namespace="NamespacePlaceholder" constructor="Loader" version="0.0.4" display-name-key="Loader" description-key="Loader description" control-type="virtual" api-version="1.3.15">
    <external-service-usage enabled="false"/>
    <property name="containerHeight" display-name-key="containerHeight" description-key="Property_Desc_Key" of-type="Whole.None" usage="bound" required="true" pfx-default-value="Self.Height"/>
    <resources>
      <code path="bundle.js" order="1"/>
      <platform-library name="React" version="16.14.0"/>
      <platform-library name="Fluent" version="9.46.2"/>
    </resources>
    <feature-usage/>
    <built-by name="pac" version="1.38.3"/>
  </control>
</manifest>