<?xml version="1.0" encoding="UTF-8" standalone="yes"?>
<manifest>
  <control namespace="NamespacePlaceholder" constructor="Header" version="0.2.4" display-name-key="Header" description-key="Header description" control-type="virtual" api-version="1.3.15">
    <external-service-usage enabled="false"/>
    <property name="navItemsJson" display-name-key="navItemsJson" description-key="navItemsJson" of-type="SingleLine.Text" usage="bound" required="true" pfx-default-value="&quot;[{&quot;&quot;linkText&quot;&quot;: &quot;&quot;testValue&quot;&quot;}]&quot;"/>
    <property name="selectedLink" display-name-key="selectedLink" description-key="selectedLink" of-type="SingleLine.Text" usage="bound" required="true" pfx-default-value="&quot;well&quot;"/>
    <property name="defaultLink" display-name-key="defaultLink" description-key="defaultLink" of-type="SingleLine.Text" usage="input" required="true" pfx-default-value="&quot;Home&quot;"/>
    <data-set name="items" display-name-key="items"/>
    <resources>
      <code path="bundle.js" order="1"/>
      <platform-library name="React" version="16.8.6"/>
      <platform-library name="Fluent" version="8.29.0"/>
      <css path="output.css" order="1"/>
    </resources>
    <feature-usage/>
    <built-by name="pac" version="1.36.3"/>
  </control>
</manifest>