<?xml version="1.0" encoding="UTF-8" standalone="yes"?>
<manifest>
  <control namespace="NamespacePlaceholder" constructor="ShadCnNavigationMenu" version="0.0.21" display-name-key="ShadCnNavigationMenu" description-key="ShadCnNavigationMenu description" control-type="virtual" api-version="1.3.18">
    <external-service-usage enabled="false"/>
    <data-set name="NavItems" display-name-key="NavItems"/>
    <property name="useDarkMode" display-name-key="useDarkMode" of-type="TwoOptions" usage="input" default-value="true"/>
    <property name="useTestData" display-name-key="useTestData" of-type="TwoOptions" usage="input" default-value="true"/>
    <property name="outputSelectedOption" display-name-key="outputSelectedOption" of-type="SingleLine.Text" usage="output"/>
    <property name="Alignment" display-name-key="Alignment" of-type="Enum" usage="input" required="true" default-value="Left">
      <value name="start" display-name-key="start">start</value>
      <value name="center" display-name-key="center">center</value>
      <value name="end" display-name-key="end">end</value>
    </property>
    <event name="onNavSelect" display-name-key="onNavSelect" description-key="onNavSelect"/>
    <resources>
      <code path="bundle.js" order="1"/>
      <css path="output.css" order="1"/>
      <platform-library name="React" version="16.14.0"/>
    </resources>
    <feature-usage/>
    <built-by name="pac" version="1.50.1"/>
  </control>
</manifest>