<?xml version="1.0" encoding="UTF-8" standalone="yes"?>
<manifest>
  <control namespace="NamespacePlaceholder" constructor="Sidebar2" version="0.6.165" display-name-key="Sidebar" description-key="Sidebar description" control-type="virtual" api-version="1.3.15">
    <external-service-usage enabled="false"/>
    <data-set name="navItems" display-name-key="navItems"/>
    <property name="containerHeight" display-name-key="Container height" of-type="Whole.None" usage="input" default-value="Self.Height"/>
    <property name="navItemHeight" display-name-key="navItemHeight" of-type="Whole.None" usage="input" default-value="35"/>
    <property name="containerWidth" display-name-key="Container width" of-type="Whole.None" usage="input" default-value="Self.Width"/>
    <property name="useDarkMode" display-name-key="useDarkMode" of-type="TwoOptions" usage="input" pfx-default-value="varUseDarkMode"/>
    <property name="darkModeEnabled" display-name-key="darkModeEnabled" of-type="TwoOptions" usage="output" default-value="true"/>
    <property name="mainLogo" display-name-key="mainLogo" of-type="SingleLine.Text" usage="input"/>
    <property name="outputScreenName" display-name-key="outputScreenName" of-type="SingleLine.Text" usage="output" default-value="App.ActiveScreen.Name"/>
    <property name="changeType" display-name-key="changeType" of-type="SingleLine.Text" usage="output" default-value=""/>
    <property name="activeScreen" display-name-key="activeScreen" of-type="SingleLine.Text" usage="input" default-value="App.ActiveScreen.Name"/>
    <property name="userImage" display-name-key="userImage" of-type="SingleLine.Text" usage="input" default-value=""/>
    <property name="userName" display-name-key="userName" of-type="SingleLine.Text" usage="input" default-value=""/>
    <property name="iconColor" display-name-key="iconColor" of-type="SingleLine.Text" usage="input" default-value=""/>
    <event name="OnChangeMode" pfx-default-value="Set(varDarkMode, Self.darkModeEnabled)" display-name-key="OnChangeMode" description-key="OnChangeMode"/>
    <event name="OnChangeScreen" pfx-default-value="" display-name-key="OnChangeScreen" description-key="OnChangeScreen"/>
    <resources>
      <code path="bundle.js" order="1"/>
      <css path="output.css"/>
      <platform-library name="React" version="16.14.0"/>
      <platform-library name="Fluent" version="9.46.2"/>
    </resources>
    <feature-usage/>
    <built-by name="pac" version="1.39.3"/>
  </control>
</manifest>