<?xml version="1.0" encoding="UTF-8" standalone="yes"?>
<manifest>
  <control namespace="NamespacePlaceholder" constructor="themedMuiButton" version="0.0.27" display-name-key="themedMuiButton" description-key="themedMuiButton description" control-type="virtual" api-version="1.3.16">
    <external-service-usage enabled="false"/>
    <property name="labelText" of-type="SingleLine.Text" usage="input" display-name-key="labelText"/>
    <property name="variant" of-type="SingleLine.Text" usage="input" display-name-key="variant"/>
    <property name="isDisabled" display-name-key="isDisabled" of-type="TwoOptions" usage="input" pfx-default-value="false"/>
    <property name="startIconColor" display-name-key="startIconColor" of-type="SingleLine.Text" usage="input" default-value="white"/>
    <property name="endIconColor" display-name-key="endIconColor" of-type="SingleLine.Text" usage="input" default-value="white"/>
    <property name="startIconSVG" display-name-key="startIconSVG" of-type="SingleLine.Text" usage="input" default-value=""/>
    <property name="endIconSVG" display-name-key="endIconSVG" of-type="SingleLine.Text" usage="input" default-value=""/>
    <property name="useDarkMode" of-type="TwoOptions" usage="input" display-name-key="useDarkMode" pfx-default-value="varUseDarkMode"/>
    <property name="PrimaryColor" of-type="SingleLine.Text" usage="input" display-name-key="PrimaryColor" pfx-default-value="varAppPrimaryColor"/>
    <property name="containerHeight" display-name-key="containerHeight" of-type="Decimal" usage="input" pfx-default-value="Self.Height"/>
    <property name="containerWidth" display-name-key="containerWidth" of-type="Decimal" usage="input" pfx-default-value="Self.Width"/>
    <event name="OnClick" pfx-default-value="Notify(&quot;No button event&quot;, NotificationType.Error, 2000)" display-name-key="OnClick" description-key="OnClick"/>
    <resources>
      <code path="bundle.js" order="1"/>
      <platform-library name="React" version="16.14.0"/>
      <platform-library name="Fluent" version="9.46.2"/>
    </resources>
    <feature-usage/>
    <built-by name="pac" version="1.42.1"/>
  </control>
</manifest>