<?xml version="1.0" encoding="UTF-8" standalone="yes"?>
<manifest>
  <control namespace="NamespacePlaceholder" constructor="ShadCnCalendar" version="0.0.13" display-name-key="ShadCnCalendar" description-key="ShadCnCalendar description" control-type="virtual" api-version="1.3.18">
    <external-service-usage enabled="false"/>
    <property name="ComponentWidth" display-name-key="ComponentWidth" of-type="Whole.None" usage="bound" required="true"/>
    <property name="ComponentHeight" display-name-key="ComponentHeight" of-type="Whole.None" usage="bound" required="true"/>
    <property name="selectedDate" display-name-key="selectedDate" of-type="DateAndTime.DateOnly" usage="output"/>
    <property name="selectedEndDate" display-name-key="selectedEndDate" of-type="DateAndTime.DateOnly" usage="output"/>
    <property name="calendarMode" display-name-key="calendarMode" of-type="SingleLine.Text" usage="input"/>
    <property name="useDarkMode" display-name-key="useDarkMode" of-type="TwoOptions" usage="input"/>
    <property name="themeColor" display-name-key="themeColor" of-type="SingleLine.Text" usage="input" default-value="varAppPrimaryColor"/>
    <resources>
      <code path="bundle.js" order="1"/>
      <css path="output.css" order="1"/>
      <platform-library name="React" version="16.14.0"/>
    </resources>
    <feature-usage/>
    <built-by name="pac" version="1.50.1"/>
  </control>
</manifest>