<?xml version="1.0" encoding="UTF-8" standalone="yes"?>
<manifest>
  <control namespace="NamespacePlaceholder" constructor="Accordion" version="0.2.52" display-name-key="Accordion" description-key="Accordion description" control-type="virtual" api-version="1.3.16">
    <external-service-usage enabled="false"/>
    <data-set name="accordionData" display-name-key="accordionData"/>
    <property name="DarkMode" display-name-key="Dark mode" of-type="TwoOptions" usage="input" hidden="false" pfx-default-value="varUseDarkMode"/>
    <property name="useTestData" display-name-key="useTestData" of-type="TwoOptions" usage="input" hidden="false" pfx-default-value="true"/>
    <property name="outputHeight" display-name-key="outputHeight" of-type="Whole.None" usage="output"/>
    <resources>
      <code path="bundle.js" order="1"/>
      <platform-library name="React" version="16.14.0"/>
    </resources>
    <feature-usage/>
    <built-by name="pac" version="1.42.1"/>
  </control>
</manifest>