<?xml version="1.0" encoding="UTF-8" standalone="yes"?>
<manifest>
  <control namespace="NamespacePlaceholder" constructor="themedMuiRadioGroup" version="0.0.26" display-name-key="themedMuiRadioGroup" description-key="themedMuiRadioGroup description" control-type="virtual" api-version="1.3.16">
    <external-service-usage enabled="false"/>
    <data-set name="Options" display-name-key="Options"/>
    <property name="useDarkMode" display-name-key="useDarkMode" of-type="TwoOptions" usage="input" pfx-default-value="varUseDarkMode"/>
    <property name="useTestData" display-name-key="useTestData" of-type="TwoOptions" usage="input" default-value="true"/>
    <property name="labelText" display-name-key="labelText" of-type="SingleLine.Text" usage="input" default-value="Label text"/>
    <property name="primaryColor" display-name-key="primaryColor" of-type="SingleLine.Text" usage="input" pfx-default-value="varAppPrimaryColor"/>
    <property name="displayField" display-name-key="Display field" of-type="SingleLine.Text" usage="input" default-value="Name"/>
    <property name="containerWidth" display-name-key="containerWidth" of-type="Whole.None" usage="input" pfx-default-value="Self.Width"/>
    <property name="containerHeight" display-name-key="containerHeight" of-type="Whole.None" usage="input" pfx-default-value="Self.Height"/>
    <resources>
      <code path="bundle.js" order="1"/>
      <platform-library name="React" version="16.14.0"/>
    </resources>
    <feature-usage/>
    <built-by name="pac" version="1.42.1"/>
  </control>
</manifest>