<?xml version="1.0" encoding="UTF-8" standalone="yes"?>
<manifest>
  <control namespace="NamespacePlaceholder" constructor="themedMuiTextField" version="0.0.59" display-name-key="themedMuiTextField" description-key="themedMuiTextField description" control-type="virtual" api-version="1.3.16">
    <external-service-usage enabled="false"/>
    <property name="useDarkMode" display-name-key="useDarkMode" description-key="useDarkMode" of-type="TwoOptions" usage="input" pfx-default-value="varUseDarkMode"/>
    <property name="primaryColor" display-name-key="primaryColor" description-key="primaryColor" of-type="SingleLine.Text" usage="input" pfx-default-value="varAppPrimaryColor"/>
    <property name="isMultiline" display-name-key="isMultiline" description-key="isMultiline" of-type="TwoOptions" usage="input"/>
    <property name="labelText" display-name-key="labelText" description-key="labelText" of-type="SingleLine.Text" usage="input"/>
    <property name="defaultText" display-name-key="defaultText" description-key="defaultText" of-type="SingleLine.Text" usage="input"/>
    <property name="allowNumbersOnly" display-name-key="allowNumbersOnly" description-key="allowNumbersOnly" of-type="TwoOptions" usage="input" default-value="false"/>
    <property name="isCurrency" display-name-key="isCurrency" description-key="isCurrency" of-type="TwoOptions" usage="input" default-value="false"/>
    <property name="isRequired" display-name-key="isRequired" of-type="TwoOptions" usage="input" default-value="true"/>
    <property name="isEditable" display-name-key="isEditable" of-type="TwoOptions" usage="input" default-value="true"/>
    <property name="outputText" display-name-key="outputText" description-key="outputText" of-type="SingleLine.Text" usage="output"/>
    <property name="outputHeight" display-name-key="outputHeight" description-key="outputHeight" of-type="Whole.None" usage="output"/>
    <resources>
      <code path="bundle.js" order="1"/>
      <css path="index.css" order="1"/>
      <platform-library name="React" version="16.14.0"/>
    </resources>
    <feature-usage/>
    <built-by name="pac" version="1.42.1"/>
  </control>
</manifest>