<?xml version="1.0" encoding="UTF-8" standalone="yes"?>
<manifest>
  <control namespace="NamespacePlaceholder" constructor="h2Text" version="0.0.5" display-name-key="h2Text" description-key="h2Text description" control-type="virtual" api-version="1.3.18">
    <external-service-usage enabled="false"/>
    <property name="isBold" display-name-key="isBold" description-key="isBold" of-type="TwoOptions" usage="bound" default-value="false"/>
    <property name="isItalic" display-name-key="isItalic" description-key="isItalic" of-type="TwoOptions" usage="bound" default-value="false"/>
    <property name="Text" display-name-key="Text" description-key="Text" of-type="SingleLine.Text" usage="bound" default-value="Shelties are the best"/>
    <property name="TextAlign" display-name-key="TextAlign" description-key="TextAlign" of-type="SingleLine.Text" usage="bound" default-value="left"/>
    <property name="verticalAlign" display-name-key="verticalAlign" description-key="verticalAlign" of-type="SingleLine.Text" usage="bound" default-value="center"/>
    <property name="paddingLeft" display-name-key="paddingLeft" description-key="paddingLeft" of-type="Whole.None" usage="bound" default-value="8"/>
    <property name="paddingTop" display-name-key="paddingTop" description-key="paddingTop" of-type="Whole.None" usage="bound" default-value="8"/>
    <property name="paddingRight" display-name-key="paddingRight" description-key="paddingRight" of-type="Whole.None" usage="bound" default-value="8"/>
    <property name="paddingBottom" display-name-key="paddingBottom" description-key="paddingBottom" of-type="Whole.None" usage="bound" default-value="8"/>
    <property name="fontColor" display-name-key="fontColor" description-key="fontColor" of-type="SingleLine.Text" usage="bound" pfx-default-value="If(varUseDarkMode, &quot;white&quot;, &quot;black&quot;)"/>
    <resources>
      <code path="bundle.js" order="1"/>
      <platform-library name="React" version="16.14.0"/>
      <platform-library name="Fluent" version="9.46.2"/>
    </resources>
    <feature-usage/>
    <built-by name="pac" version="1.44.2"/>
  </control>
</manifest>