<?xml version="1.0" encoding="UTF-8" standalone="yes"?>
<manifest>
  <control namespace="NamespacePlaceholder" constructor="StepperHeader" version="0.0.24" display-name-key="StepperHeader" description-key="StepperHeader description" control-type="virtual" api-version="1.3.16">
    <external-service-usage enabled="false"/>
    <data-set name="Steps" display-name-key="Steps"/>
    <property name="activeStepIndex" display-name-key="activeStepIndex" of-type="Whole.None" usage="input" default-value=""/>
    <property name="useTestData" display-name-key="useTestData" of-type="TwoOptions" usage="input" default-value="true"/>
    <property name="useDarkMode" display-name-key="useDarkMode" of-type="TwoOptions" usage="input" pfx-default-value="varUseDarkMode"/>
    <property name="primaryColor" display-name-key="primaryColor" of-type="SingleLine.Text" usage="input" pfx-default-value="varAppPrimaryColor"/>
    <property name="containerWidth" display-name-key="containerWidth" of-type="Decimal" usage="input" pfx-default-value="Self.Width"/>
    <property name="containerHeight" display-name-key="containerHeight" of-type="Decimal" usage="input" pfx-default-value="Self.Height"/>
    <resources>
      <code path="bundle.js" order="1"/>
      <platform-library name="React" version="16.14.0"/>
      <css path="output.css" order="1"/>
    </resources>
    <feature-usage/>
    <built-by name="pac" version="1.40.4"/>
  </control>
</manifest>