<?xml version="1.0" encoding="UTF-8" standalone="yes"?>
<manifest>
  <control namespace="NamespacePlaceholder" constructor="themedMuiComboBox" version="0.1.75" display-name-key="themedMuiComboBox" description-key="themedMuiComboBox description" control-type="virtual" api-version="1.3.18">
    <external-service-usage enabled="false"/>
    <data-set name="Items" display-name-key="Items"/>
    <data-set name="DefaultSelectedItems" display-name-key="DefaultSelectedItems"/>
    <property name="searchText" display-name-key="searchText" of-type="SingleLine.Text" usage="output" default-value=""/>
    <property name="outputHeight" display-name-key="outputHeight" of-type="Whole.None" usage="output" default-value="60"/>
    <property name="ReadMeLink" display-name-key="ReadMeLink" of-type="SingleLine.Text" usage="input" default-value="https://github.com/GuidingCreations/PcfComponentLibrary/blob/main/themedMuiComboBox/README.md"/>
    <property name="useDarkMode" display-name-key="useDarkMode" of-type="TwoOptions" usage="input" pfx-default-value="varUseDarkMode"/>
    <property name="useTestData" display-name-key="useTestData" of-type="TwoOptions" usage="input" default-value="true"/>
    <property name="labelText" display-name-key="labelText" of-type="SingleLine.Text" usage="input" default-value="Label text"/>
    <property name="primaryColor" display-name-key="primaryColor" of-type="SingleLine.Text" usage="input" pfx-default-value="varAppPrimaryColor"/>
    <property name="displayField" display-name-key="Display field" of-type="SingleLine.Text" usage="input" default-value="Name"/>
    <property name="allowSelectMultiple" display-name-key="allowSelectMultiple" of-type="TwoOptions" usage="input" default-value="true"/>
    <property name="isRequired" display-name-key="isRequired" of-type="TwoOptions" usage="input" default-value="true"/>
    <property name="isReadOnly" display-name-key="isReadOnly" of-type="TwoOptions" usage="input" default-value="false"/>
    <property name="containerWidth" display-name-key="containerWidth" of-type="Whole.None" usage="input" pfx-default-value="Self.Width"/>
    <property name="tagLimit" display-name-key="tagLimit" of-type="Whole.None" usage="input"/>
    <resources>
      <code path="bundle.js" order="1"/>
      <css path="index.css" order="1"/>
      <platform-library name="React" version="16.14.0"/>
    </resources>
    <feature-usage/>
    <built-by name="pac" version="1.47.1"/>
  </control>
</manifest>