<?xml version="1.0" encoding="UTF-8" standalone="yes"?>
<manifest>
  <control namespace="HuntersNS" constructor="squashedButtonGroup" version="0.9.2" display-name-key="squashedButtonGroup" description-key="squashedButtonGroup description" control-type="virtual" api-version="1.3.18">
    <external-service-usage enabled="false"/>
    <data-set name="Options" display-name-key="Options"/>
    <property name="displayField" display-name-key="displayField" of-type="SingleLine.Text" usage="input" default-value="Value"/>
    <property name="isDisabled" display-name-key="isDisabled" of-type="TwoOptions" usage="input" pfx-default-value="false"/>
    <property name="flexibleWidth" display-name-key="flexibleWidth" of-type="TwoOptions" usage="input" pfx-default-value="false"/>
    <property name="outputWidth" display-name-key="outputWidth" of-type="Decimal" usage="output"/>
    <property name="useTestData" display-name-key="useTestData" of-type="TwoOptions" usage="input" pfx-default-value="true"/>
    <property name="useDarkMode" display-name-key="useDarkMode" of-type="TwoOptions" usage="input" pfx-default-value="varUseDarkMode"/>
    <property name="primaryColor" display-name-key="primaryColor" of-type="SingleLine.Text" usage="input" pfx-default-value="varAppPrimaryColor"/>
    <property name="containerWidth" display-name-key="containerWidth" of-type="Decimal" usage="input" pfx-default-value="Self.Width"/>
    <property name="containerHeight" display-name-key="containerHeight" of-type="Decimal" usage="input" pfx-default-value="Self.Height"/>
    <property name="outputSelectedOption" display-name-key="outputSelectedOption" of-type="SingleLine.Text" usage="output"/>
    <event name="onClick" pfx-default-value="Notify(Concatenate(Self.outputSelectedOption, &quot; was selected&quot;), NotificationType.Information, 2000)" display-name-key="onClick" description-key="onClick"/>
    <resources>
      <code path="bundle.js" order="1"/>
      <platform-library name="React" version="16.14.0"/>
      <css path="output.css" order="1"/>
      <css path="input.css" order="2"/>
    </resources>
    <feature-usage/>
    <built-by name="pac" version="1.47.1"/>
  </control>
</manifest>