<?xml version="1.0" encoding="UTF-8" standalone="yes"?>
<manifest>
  <control namespace="NamespacePlaceholder" constructor="ChipComponent" version="0.3.12" display-name-key="Chip" description-key="Chip description" control-type="virtual" api-version="1.3.15">
    <external-service-usage enabled="false"/>
    <data-set name="sampleDataSet" display-name-key="Dataset_Display_Key"/>
    <property name="containerHeight" display-name-key="Container height" of-type="Whole.None" usage="input" hidden="false" default-value="Self.Height"/>
    <property name="containerWidth" display-name-key="Container width" of-type="Whole.None" usage="input" hidden="false" default-value="Self.Width"/>
    <resources>
      <code path="bundle.js" order="1"/>
      <platform-library name="React" version="16.14.0"/>
      <platform-library name="Fluent" version="9.46.2"/>
    </resources>
    <feature-usage/>
    <built-by name="pac" version="1.38.3"/>
  </control>
</manifest>