<?xml version="1.0" encoding="UTF-8" standalone="yes"?>
<manifest>
  <control namespace="NamespacePlaceholder" constructor="ShadCnAreaChart" version="0.2.21" display-name-key="ShadCnAreaChart" description-key="ShadCnAreaChart description" control-type="virtual" api-version="1.3.18">
    <external-service-usage enabled="false"/>
    <data-set name="ChartData" display-name-key="ChartData"/>
    <data-set name="SecondDataSet" display-name-key="SecondDataSet"/>
    <property name="componentWidth" display-name-key="componentWidth" of-type="Whole.None" usage="input" pfx-default-value="Self.Width"/>
    <property name="componentHeight" display-name-key="componentHeight" of-type="Whole.None" usage="input" pfx-default-value="Self.Height"/>
    <property name="useTestData" display-name-key="useTestData" of-type="TwoOptions" usage="input" default-value="true"/>
    <property name="dateColumn" display-name-key="dateColumn" of-type="SingleLine.Text" usage="input"/>
    <property name="secondDateColumn" display-name-key="secondDateColumn" of-type="SingleLine.Text" usage="input"/>
    <property name="valueColumn" display-name-key="valueColumn" of-type="SingleLine.Text" usage="input"/>
    <property name="secondValueColumn" display-name-key="secondValueColumn" of-type="SingleLine.Text" usage="input"/>
    <property name="chartTitle" display-name-key="chartTitle" of-type="SingleLine.Text" usage="input"/>
    <property name="chartSubTitle" display-name-key="chartSubTitle" of-type="SingleLine.Text" usage="input"/>
    <resources>
      <code path="bundle.js" order="1"/>
      <css path="output.css" order="1"/>
      <platform-library name="React" version="16.14.0"/>
    </resources>
    <feature-usage/>
    <built-by name="pac" version="1.51.1"/>
  </control>
</manifest>