<?xml version="1.0" encoding="UTF-8" standalone="yes"?>
<manifest>
  <control namespace="NamespacePlaceholder" constructor="Modal" version="0.2.31" display-name-key="Modal" description-key="Modal description" control-type="virtual" api-version="1.3.18">
    <external-service-usage enabled="false"/>
    <property name="dialogHeader" display-name-key="dialogHeader" description-key="dialogHeader" of-type="SingleLine.Text" usage="bound" required="true" pfx-default-value="&quot;Warning, irreversible action!&quot;"/>
    <property name="dialogText" display-name-key="dialogText" description-key="dialogText" of-type="Multiple" usage="input" required="true" pfx-default-value="&quot;This action is irreversible. Please make sure you understand the impact of this action before proceeding. Are you sure you wish to proceed?&quot;"/>
    <property name="confirmText" display-name-key="confirmText" description-key="confirmText" of-type="SingleLine.Text" usage="bound" default-value="Yes, I'm sure"/>
    <property name="modalType" display-name-key="modalType" description-key="modalType" of-type="SingleLine.Text" usage="input" default-value="Delete"/>
    <property name="includeTextInput" display-name-key="includeTextInput" of-type="TwoOptions" usage="input" default-value="false"/>
    <property name="textInputPlaceholder" display-name-key="textInputPlaceholder" of-type="SingleLine.Text" usage="input" default-value="Please input reason"/>
    <property name="outputText" display-name-key="outputText" of-type="SingleLine.Text" usage="output" default-value=""/>
    <property name="requiredConfirmText" display-name-key="requiredConfirmText" of-type="SingleLine.Text" usage="input" default-value=""/>
    <property name="containerHeight" display-name-key="containerHeight" description-key="Property_Desc_Key" of-type="Whole.None" usage="bound" required="true" pfx-default-value="Self.Height"/>
    <property name="containerWidth" display-name-key="containerWidth" of-type="Whole.None" usage="input" pfx-default-value="Self.Width"/>
    <event name="OnConfirm" display-name-key="OnConfirm" description-key="OnConfirm" pfx-default-value="Notify(&quot;No confirm formula&quot;, NotificationType.Error, 2000)"/>
    <event name="OnCancel" display-name-key="OnCancel" description-key="OnCancel" pfx-default-value="Notify(&quot;No cancel formula&quot;, NotificationType.Error, 2000)"/>
    <resources>
      <code path="bundle.js" order="1"/>
      <css path="output.css" order="1"/>
      <platform-library name="React" version="16.8.6"/>
    </resources>
    <feature-usage/>
    <built-by name="pac" version="1.45.2"/>
  </control>
</manifest>